"Мечтаю о поездке, но чтобы она была реально без лишнего шума.",спокойный
"Собираюсь в путешествие, но чтоб было прям в стиле спокойный.",спокойный
Ищу что-то необычное. Главное — чтобы ощущалось как для полной перезагрузки.,спокойный
"Подыскиваю маршрут, который подойдёт под спокойный отдых.",спокойный
"Не люблю типичные туры, ищу что-то более без лишнего шума.",спокойный
"Планы на отпуск: главное, чтобы чувствовался для полной перезагрузки.",спокойный
"Может, посоветуете что-то без лишнего шума?",спокойный
"Давно мечтаю выбраться в отпуск, хочу что-то в духе «спокойный».",спокойный
"На майские, думаю, подойдёт тур, где всё будет как для полной перезагрузки.",спокойный
"Если вдруг окажется возможность поехать, хотелось бы для полной перезагрузки.",спокойный
"Мечтаю о поездке, но чтобы она была реально без лишнего шума.",спокойный
"Собираюсь в путешествие, но чтоб было прям в стиле спокойный.",спокойный
Ищу что-то необычное. Главное — чтобы ощущалось как для полной перезагрузки.,спокойный
"Подыскиваю маршрут, который подойдёт под спокойный отдых.",спокойный
"Не люблю типичные туры, ищу что-то более без лишнего шума.",спокойный
"Планы на отпуск: главное, чтобы чувствовался для полной перезагрузки.",спокойный
"Может, посоветуете что-то без лишнего шума?",спокойный
"Давно мечтаю выбраться в отпуск, хочу что-то в духе «спокойный».",спокойный
"На майские, думаю, подойдёт тур, где всё будет как для полной перезагрузки.",спокойный
"Если вдруг окажется возможность поехать, хотелось бы для полной перезагрузки.",спокойный
"Мечтаю о поездке, но чтобы она была реально без лишнего шума.",спокойный
"Собираюсь в путешествие, но чтоб было прям в стиле спокойный.",спокойный
Ищу что-то необычное. Главное — чтобы ощущалось как для полной перезагрузки.,спокойный
"Подыскиваю маршрут, который подойдёт под спокойный отдых.",спокойный
"Не люблю типичные туры, ищу что-то более без лишнего шума.",спокойный
"Планы на отпуск: главное, чтобы чувствовался для полной перезагрузки.",спокойный
"Может, посоветуете что-то без лишнего шума?",спокойный
"Давно мечтаю выбраться в отпуск, хочу что-то в духе «спокойный».",спокойный
"На майские, думаю, подойдёт тур, где всё будет как для полной перезагрузки.",спокойный
"Если вдруг окажется возможность поехать, хотелось бы для полной перезагрузки.",спокойный
"Мечтаю о поездке, но чтобы она была реально без лишнего шума.",спокойный
"Собираюсь в путешествие, но чтоб было прям в стиле спокойный.",спокойный
Ищу что-то необычное. Главное — чтобы ощущалось как для полной перезагрузки.,спокойный
"Подыскиваю маршрут, который подойдёт под спокойный отдых.",спокойный
"Не люблю типичные туры, ищу что-то более без лишнего шума.",спокойный
"Планы на отпуск: главное, чтобы чувствовался для полной перезагрузки.",спокойный
"Может, посоветуете что-то без лишнего шума?",спокойный
"Давно мечтаю выбраться в отпуск, хочу что-то в духе «спокойный».",спокойный
"На майские, думаю, подойдёт тур, где всё будет как для полной перезагрузки.",спокойный
"Если вдруг окажется возможность поехать, хотелось бы для полной перезагрузки.",спокойный
"Мечтаю о поездке, но чтобы она была реально без лишнего шума.",спокойный
"Собираюсь в путешествие, но чтоб было прям в стиле спокойный.",спокойный
Ищу что-то необычное. Главное — чтобы ощущалось как для полной перезагрузки.,спокойный
"Подыскиваю маршрут, который подойдёт под спокойный отдых.",спокойный
"Не люблю типичные туры, ищу что-то более без лишнего шума.",спокойный
"Планы на отпуск: главное, чтобы чувствовался для полной перезагрузки.",спокойный
"Может, посоветуете что-то без лишнего шума?",спокойный
"Давно мечтаю выбраться в отпуск, хочу что-то в духе «спокойный».",спокойный
"На майские, думаю, подойдёт тур, где всё будет как для полной перезагрузки.",спокойный
"Если вдруг окажется возможность поехать, хотелось бы для полной перезагрузки.",спокойный
"Мечтаю о поездке, но чтобы она была реально без лишнего шума.",спокойный
"Собираюсь в путешествие, но чтоб было прям в стиле спокойный.",спокойный
Ищу что-то необычное. Главное — чтобы ощущалось как для полной перезагрузки.,спокойный
"Подыскиваю маршрут, который подойдёт под спокойный отдых.",спокойный
"Не люблю типичные туры, ищу что-то более без лишнего шума.",спокойный
"Планы на отпуск: главное, чтобы чувствовался для полной перезагрузки.",спокойный
"Может, посоветуете что-то без лишнего шума?",спокойный
"Давно мечтаю выбраться в отпуск, хочу что-то в духе «спокойный».",спокойный
"На майские, думаю, подойдёт тур, где всё будет как для полной перезагрузки.",спокойный
"Если вдруг окажется возможность поехать, хотелось бы для полной перезагрузки.",спокойный
"Мечтаю о поездке, но чтобы она была реально без лишнего шума.",спокойный
"Собираюсь в путешествие, но чтоб было прям в стиле спокойный.",спокойный
Ищу что-то необычное. Главное — чтобы ощущалось как для полной перезагрузки.,спокойный
"Подыскиваю маршрут, который подойдёт под спокойный отдых.",спокойный
"Не люблю типичные туры, ищу что-то более без лишнего шума.",спокойный
"Планы на отпуск: главное, чтобы чувствовался для полной перезагрузки.",спокойный
"Может, посоветуете что-то без лишнего шума?",спокойный
"Давно мечтаю выбраться в отпуск, хочу что-то в духе «спокойный».",спокойный
"На майские, думаю, подойдёт тур, где всё будет как для полной перезагрузки.",спокойный
"Если вдруг окажется возможность поехать, хотелось бы для полной перезагрузки.",спокойный
"Мечтаю о поездке, но чтобы она была реально без лишнего шума.",спокойный
"Собираюсь в путешествие, но чтоб было прям в стиле спокойный.",спокойный
Ищу что-то необычное. Главное — чтобы ощущалось как для полной перезагрузки.,спокойный
"Подыскиваю маршрут, который подойдёт под спокойный отдых.",спокойный
"Не люблю типичные туры, ищу что-то более без лишнего шума.",спокойный
"Планы на отпуск: главное, чтобы чувствовался для полной перезагрузки.",спокойный
"Может, посоветуете что-то без лишнего шума?",спокойный
"Давно мечтаю выбраться в отпуск, хочу что-то в духе «спокойный».",спокойный
"На майские, думаю, подойдёт тур, где всё будет как для полной перезагрузки.",спокойный
"Если вдруг окажется возможность поехать, хотелось бы для полной перезагрузки.",спокойный
"Мечтаю о поездке, но чтобы она была реально без лишнего шума.",спокойный
"Собираюсь в путешествие, но чтоб было прям в стиле спокойный.",спокойный
Ищу что-то необычное. Главное — чтобы ощущалось как для полной перезагрузки.,спокойный
"Подыскиваю маршрут, который подойдёт под спокойный отдых.",спокойный
"Не люблю типичные туры, ищу что-то более без лишнего шума.",спокойный
"Планы на отпуск: главное, чтобы чувствовался для полной перезагрузки.",спокойный
"Может, посоветуете что-то без лишнего шума?",спокойный
"Давно мечтаю выбраться в отпуск, хочу что-то в духе «спокойный».",спокойный
"На майские, думаю, подойдёт тур, где всё будет как для полной перезагрузки.",спокойный
"Если вдруг окажется возможность поехать, хотелось бы для полной перезагрузки.",спокойный
"Мечтаю о поездке, но чтобы она была реально без лишнего шума.",спокойный
"Собираюсь в путешествие, но чтоб было прям в стиле спокойный.",спокойный
Ищу что-то необычное. Главное — чтобы ощущалось как для полной перезагрузки.,спокойный
"Подыскиваю маршрут, который подойдёт под спокойный отдых.",спокойный
"Не люблю типичные туры, ищу что-то более без лишнего шума.",спокойный
"Планы на отпуск: главное, чтобы чувствовался для полной перезагрузки.",спокойный
"Может, посоветуете что-то без лишнего шума?",спокойный
"Давно мечтаю выбраться в отпуск, хочу что-то в духе «спокойный».",спокойный
"На майские, думаю, подойдёт тур, где всё будет как для полной перезагрузки.",спокойный
"Если вдруг окажется возможность поехать, хотелось бы для полной перезагрузки.",спокойный
"Может, посоветуете что-то без переплат?",бюджетный
"Подыскиваю маршрут, который подойдёт под бюджетный отдых.",бюджетный
"Мечтаю о поездке, но чтобы она была реально без переплат.",бюджетный
"Ищу что-то необычное. Главное — чтобы ощущалось как недорого, но со вкусом.",бюджетный
"Собираюсь в путешествие, но чтоб было прям в стиле бюджетный.",бюджетный
"Если вдруг окажется возможность поехать, хотелось бы недорого, но со вкусом.",бюджетный
"На майские, думаю, подойдёт тур, где всё будет как недорого, но со вкусом.",бюджетный
"Не люблю типичные туры, ищу что-то более без переплат.",бюджетный
"Планы на отпуск: главное, чтобы чувствовался недорого, но со вкусом.",бюджетный
"Давно мечтаю выбраться в отпуск, хочу что-то в духе «бюджетный».",бюджетный
"Может, посоветуете что-то без переплат?",бюджетный
"Подыскиваю маршрут, который подойдёт под бюджетный отдых.",бюджетный
"Мечтаю о поездке, но чтобы она была реально без переплат.",бюджетный
"Ищу что-то необычное. Главное — чтобы ощущалось как недорого, но со вкусом.",бюджетный
"Собираюсь в путешествие, но чтоб было прям в стиле бюджетный.",бюджетный
"Если вдруг окажется возможность поехать, хотелось бы недорого, но со вкусом.",бюджетный
"На майские, думаю, подойдёт тур, где всё будет как недорого, но со вкусом.",бюджетный
"Не люблю типичные туры, ищу что-то более без переплат.",бюджетный
"Планы на отпуск: главное, чтобы чувствовался недорого, но со вкусом.",бюджетный
"Давно мечтаю выбраться в отпуск, хочу что-то в духе «бюджетный».",бюджетный
"Может, посоветуете что-то без переплат?",бюджетный
"Подыскиваю маршрут, который подойдёт под бюджетный отдых.",бюджетный
"Мечтаю о поездке, но чтобы она была реально без переплат.",бюджетный
"Ищу что-то необычное. Главное — чтобы ощущалось как недорого, но со вкусом.",бюджетный
"Собираюсь в путешествие, но чтоб было прям в стиле бюджетный.",бюджетный
"Если вдруг окажется возможность поехать, хотелось бы недорого, но со вкусом.",бюджетный
"На майские, думаю, подойдёт тур, где всё будет как недорого, но со вкусом.",бюджетный
"Не люблю типичные туры, ищу что-то более без переплат.",бюджетный
"Планы на отпуск: главное, чтобы чувствовался недорого, но со вкусом.",бюджетный
"Давно мечтаю выбраться в отпуск, хочу что-то в духе «бюджетный».",бюджетный
"Может, посоветуете что-то без переплат?",бюджетный
"Подыскиваю маршрут, который подойдёт под бюджетный отдых.",бюджетный
"Мечтаю о поездке, но чтобы она была реально без переплат.",бюджетный
"Ищу что-то необычное. Главное — чтобы ощущалось как недорого, но со вкусом.",бюджетный
"Собираюсь в путешествие, но чтоб было прям в стиле бюджетный.",бюджетный
"Если вдруг окажется возможность поехать, хотелось бы недорого, но со вкусом.",бюджетный
"На майские, думаю, подойдёт тур, где всё будет как недорого, но со вкусом.",бюджетный
"Не люблю типичные туры, ищу что-то более без переплат.",бюджетный
"Планы на отпуск: главное, чтобы чувствовался недорого, но со вкусом.",бюджетный
"Давно мечтаю выбраться в отпуск, хочу что-то в духе «бюджетный».",бюджетный
"Может, посоветуете что-то без переплат?",бюджетный
"Подыскиваю маршрут, который подойдёт под бюджетный отдых.",бюджетный
"Мечтаю о поездке, но чтобы она была реально без переплат.",бюджетный
"Ищу что-то необычное. Главное — чтобы ощущалось как недорого, но со вкусом.",бюджетный
"Собираюсь в путешествие, но чтоб было прям в стиле бюджетный.",бюджетный
"Если вдруг окажется возможность поехать, хотелось бы недорого, но со вкусом.",бюджетный
"На майские, думаю, подойдёт тур, где всё будет как недорого, но со вкусом.",бюджетный
"Не люблю типичные туры, ищу что-то более без переплат.",бюджетный
"Планы на отпуск: главное, чтобы чувствовался недорого, но со вкусом.",бюджетный
"Давно мечтаю выбраться в отпуск, хочу что-то в духе «бюджетный».",бюджетный
"Может, посоветуете что-то без переплат?",бюджетный
"Подыскиваю маршрут, который подойдёт под бюджетный отдых.",бюджетный
"Мечтаю о поездке, но чтобы она была реально без переплат.",бюджетный
"Ищу что-то необычное. Главное — чтобы ощущалось как недорого, но со вкусом.",бюджетный
"Собираюсь в путешествие, но чтоб было прям в стиле бюджетный.",бюджетный
"Если вдруг окажется возможность поехать, хотелось бы недорого, но со вкусом.",бюджетный
"На майские, думаю, подойдёт тур, где всё будет как недорого, но со вкусом.",бюджетный
"Не люблю типичные туры, ищу что-то более без переплат.",бюджетный
"Планы на отпуск: главное, чтобы чувствовался недорого, но со вкусом.",бюджетный
"Давно мечтаю выбраться в отпуск, хочу что-то в духе «бюджетный».",бюджетный
"Может, посоветуете что-то без переплат?",бюджетный
"Подыскиваю маршрут, который подойдёт под бюджетный отдых.",бюджетный
"Мечтаю о поездке, но чтобы она была реально без переплат.",бюджетный
"Ищу что-то необычное. Главное — чтобы ощущалось как недорого, но со вкусом.",бюджетный
"Собираюсь в путешествие, но чтоб было прям в стиле бюджетный.",бюджетный
"Если вдруг окажется возможность поехать, хотелось бы недорого, но со вкусом.",бюджетный
"На майские, думаю, подойдёт тур, где всё будет как недорого, но со вкусом.",бюджетный
"Не люблю типичные туры, ищу что-то более без переплат.",бюджетный
"Планы на отпуск: главное, чтобы чувствовался недорого, но со вкусом.",бюджетный
"Давно мечтаю выбраться в отпуск, хочу что-то в духе «бюджетный».",бюджетный
"Может, посоветуете что-то без переплат?",бюджетный
"Подыскиваю маршрут, который подойдёт под бюджетный отдых.",бюджетный
"Мечтаю о поездке, но чтобы она была реально без переплат.",бюджетный
"Ищу что-то необычное. Главное — чтобы ощущалось как недорого, но со вкусом.",бюджетный
"Собираюсь в путешествие, но чтоб было прям в стиле бюджетный.",бюджетный
"Если вдруг окажется возможность поехать, хотелось бы недорого, но со вкусом.",бюджетный
"На майские, думаю, подойдёт тур, где всё будет как недорого, но со вкусом.",бюджетный
"Не люблю типичные туры, ищу что-то более без переплат.",бюджетный
"Планы на отпуск: главное, чтобы чувствовался недорого, но со вкусом.",бюджетный
"Давно мечтаю выбраться в отпуск, хочу что-то в духе «бюджетный».",бюджетный
"Может, посоветуете что-то без переплат?",бюджетный
"Подыскиваю маршрут, который подойдёт под бюджетный отдых.",бюджетный
"Мечтаю о поездке, но чтобы она была реально без переплат.",бюджетный
"Ищу что-то необычное. Главное — чтобы ощущалось как недорого, но со вкусом.",бюджетный
"Собираюсь в путешествие, но чтоб было прям в стиле бюджетный.",бюджетный
"Если вдруг окажется возможность поехать, хотелось бы недорого, но со вкусом.",бюджетный
"На майские, думаю, подойдёт тур, где всё будет как недорого, но со вкусом.",бюджетный
"Не люблю типичные туры, ищу что-то более без переплат.",бюджетный
"Планы на отпуск: главное, чтобы чувствовался недорого, но со вкусом.",бюджетный
"Давно мечтаю выбраться в отпуск, хочу что-то в духе «бюджетный».",бюджетный
"Может, посоветуете что-то без переплат?",бюджетный
"Подыскиваю маршрут, который подойдёт под бюджетный отдых.",бюджетный
"Мечтаю о поездке, но чтобы она была реально без переплат.",бюджетный
"Ищу что-то необычное. Главное — чтобы ощущалось как недорого, но со вкусом.",бюджетный
"Собираюсь в путешествие, но чтоб было прям в стиле бюджетный.",бюджетный
"Если вдруг окажется возможность поехать, хотелось бы недорого, но со вкусом.",бюджетный
"На майские, думаю, подойдёт тур, где всё будет как недорого, но со вкусом.",бюджетный
"Не люблю типичные туры, ищу что-то более без переплат.",бюджетный
"Планы на отпуск: главное, чтобы чувствовался недорого, но со вкусом.",бюджетный
"Давно мечтаю выбраться в отпуск, хочу что-то в духе «бюджетный».",бюджетный
"На майские, думаю, подойдёт тур, где всё будет как всё включено, уровень премиум.",люкс
"Может, посоветуете что-то дорого-богато?",люкс
"Собираюсь в путешествие, но чтоб было прям в стиле люксовый.",люкс
"Давно мечтаю выбраться в отпуск, хочу что-то в духе «люксовый».",люкс
"Мечтаю о поездке, но чтобы она была реально дорого-богато.",люкс
"Если вдруг окажется возможность поехать, хотелось бы всё включено, уровень премиум.",люкс
"Планы на отпуск: главное, чтобы чувствовался всё включено, уровень премиум.",люкс
"Не люблю типичные туры, ищу что-то более дорого-богато.",люкс
"Ищу что-то необычное. Главное — чтобы ощущалось как всё включено, уровень премиум.",люкс
"Подыскиваю маршрут, который подойдёт под люксовый отдых.",люкс
"На майские, думаю, подойдёт тур, где всё будет как всё включено, уровень премиум.",люкс
"Может, посоветуете что-то дорого-богато?",люкс
"Собираюсь в путешествие, но чтоб было прям в стиле люксовый.",люкс
"Давно мечтаю выбраться в отпуск, хочу что-то в духе «люксовый».",люкс
"Мечтаю о поездке, но чтобы она была реально дорого-богато.",люкс
"Если вдруг окажется возможность поехать, хотелось бы всё включено, уровень премиум.",люкс
"Планы на отпуск: главное, чтобы чувствовался всё включено, уровень премиум.",люкс
"Не люблю типичные туры, ищу что-то более дорого-богато.",люкс
"Ищу что-то необычное. Главное — чтобы ощущалось как всё включено, уровень премиум.",люкс
"Подыскиваю маршрут, который подойдёт под люксовый отдых.",люкс
"На майские, думаю, подойдёт тур, где всё будет как всё включено, уровень премиум.",люкс
"Может, посоветуете что-то дорого-богато?",люкс
"Собираюсь в путешествие, но чтоб было прям в стиле люксовый.",люкс
"Давно мечтаю выбраться в отпуск, хочу что-то в духе «люксовый».",люкс
"Мечтаю о поездке, но чтобы она была реально дорого-богато.",люкс
"Если вдруг окажется возможность поехать, хотелось бы всё включено, уровень премиум.",люкс
"Планы на отпуск: главное, чтобы чувствовался всё включено, уровень премиум.",люкс
"Не люблю типичные туры, ищу что-то более дорого-богато.",люкс
"Ищу что-то необычное. Главное — чтобы ощущалось как всё включено, уровень премиум.",люкс
"Подыскиваю маршрут, который подойдёт под люксовый отдых.",люкс
"На майские, думаю, подойдёт тур, где всё будет как всё включено, уровень премиум.",люкс
"Может, посоветуете что-то дорого-богато?",люкс
"Собираюсь в путешествие, но чтоб было прям в стиле люксовый.",люкс
"Давно мечтаю выбраться в отпуск, хочу что-то в духе «люксовый».",люкс
"Мечтаю о поездке, но чтобы она была реально дорого-богато.",люкс
"Если вдруг окажется возможность поехать, хотелось бы всё включено, уровень премиум.",люкс
"Планы на отпуск: главное, чтобы чувствовался всё включено, уровень премиум.",люкс
"Не люблю типичные туры, ищу что-то более дорого-богато.",люкс
"Ищу что-то необычное. Главное — чтобы ощущалось как всё включено, уровень премиум.",люкс
"Подыскиваю маршрут, который подойдёт под люксовый отдых.",люкс
"На майские, думаю, подойдёт тур, где всё будет как всё включено, уровень премиум.",люкс
"Может, посоветуете что-то дорого-богато?",люкс
"Собираюсь в путешествие, но чтоб было прям в стиле люксовый.",люкс
"Давно мечтаю выбраться в отпуск, хочу что-то в духе «люксовый».",люкс
"Мечтаю о поездке, но чтобы она была реально дорого-богато.",люкс
"Если вдруг окажется возможность поехать, хотелось бы всё включено, уровень премиум.",люкс
"Планы на отпуск: главное, чтобы чувствовался всё включено, уровень премиум.",люкс
"Не люблю типичные туры, ищу что-то более дорого-богато.",люкс
"Ищу что-то необычное. Главное — чтобы ощущалось как всё включено, уровень премиум.",люкс
"Подыскиваю маршрут, который подойдёт под люксовый отдых.",люкс
"На майские, думаю, подойдёт тур, где всё будет как всё включено, уровень премиум.",люкс
"Может, посоветуете что-то дорого-богато?",люкс
"Собираюсь в путешествие, но чтоб было прям в стиле люксовый.",люкс
"Давно мечтаю выбраться в отпуск, хочу что-то в духе «люксовый».",люкс
"Мечтаю о поездке, но чтобы она была реально дорого-богато.",люкс
"Если вдруг окажется возможность поехать, хотелось бы всё включено, уровень премиум.",люкс
"Планы на отпуск: главное, чтобы чувствовался всё включено, уровень премиум.",люкс
"Не люблю типичные туры, ищу что-то более дорого-богато.",люкс
"Ищу что-то необычное. Главное — чтобы ощущалось как всё включено, уровень премиум.",люкс
"Подыскиваю маршрут, который подойдёт под люксовый отдых.",люкс
"На майские, думаю, подойдёт тур, где всё будет как всё включено, уровень премиум.",люкс
"Может, посоветуете что-то дорого-богато?",люкс
"Собираюсь в путешествие, но чтоб было прям в стиле люксовый.",люкс
"Давно мечтаю выбраться в отпуск, хочу что-то в духе «люксовый».",люкс
"Мечтаю о поездке, но чтобы она была реально дорого-богато.",люкс
"Если вдруг окажется возможность поехать, хотелось бы всё включено, уровень премиум.",люкс
"Планы на отпуск: главное, чтобы чувствовался всё включено, уровень премиум.",люкс
"Не люблю типичные туры, ищу что-то более дорого-богато.",люкс
"Ищу что-то необычное. Главное — чтобы ощущалось как всё включено, уровень премиум.",люкс
"Подыскиваю маршрут, который подойдёт под люксовый отдых.",люкс
"На майские, думаю, подойдёт тур, где всё будет как всё включено, уровень премиум.",люкс
"Может, посоветуете что-то дорого-богато?",люкс
"Собираюсь в путешествие, но чтоб было прям в стиле люксовый.",люкс
"Давно мечтаю выбраться в отпуск, хочу что-то в духе «люксовый».",люкс
"Мечтаю о поездке, но чтобы она была реально дорого-богато.",люкс
"Если вдруг окажется возможность поехать, хотелось бы всё включено, уровень премиум.",люкс
"Планы на отпуск: главное, чтобы чувствовался всё включено, уровень премиум.",люкс
"Не люблю типичные туры, ищу что-то более дорого-богато.",люкс
"Ищу что-то необычное. Главное — чтобы ощущалось как всё включено, уровень премиум.",люкс
"Подыскиваю маршрут, который подойдёт под люксовый отдых.",люкс
"На майские, думаю, подойдёт тур, где всё будет как всё включено, уровень премиум.",люкс
"Может, посоветуете что-то дорого-богато?",люкс
"Собираюсь в путешествие, но чтоб было прям в стиле люксовый.",люкс
"Давно мечтаю выбраться в отпуск, хочу что-то в духе «люксовый».",люкс
"Мечтаю о поездке, но чтобы она была реально дорого-богато.",люкс
"Если вдруг окажется возможность поехать, хотелось бы всё включено, уровень премиум.",люкс
"Планы на отпуск: главное, чтобы чувствовался всё включено, уровень премиум.",люкс
"Не люблю типичные туры, ищу что-то более дорого-богато.",люкс
"Ищу что-то необычное. Главное — чтобы ощущалось как всё включено, уровень премиум.",люкс
"Подыскиваю маршрут, который подойдёт под люксовый отдых.",люкс
"На майские, думаю, подойдёт тур, где всё будет как всё включено, уровень премиум.",люкс
"Может, посоветуете что-то дорого-богато?",люкс
"Собираюсь в путешествие, но чтоб было прям в стиле люксовый.",люкс
"Давно мечтаю выбраться в отпуск, хочу что-то в духе «люксовый».",люкс
"Мечтаю о поездке, но чтобы она была реально дорого-богато.",люкс
"Если вдруг окажется возможность поехать, хотелось бы всё включено, уровень премиум.",люкс
"Планы на отпуск: главное, чтобы чувствовался всё включено, уровень премиум.",люкс
"Не люблю типичные туры, ищу что-то более дорого-богато.",люкс
"Ищу что-то необычное. Главное — чтобы ощущалось как всё включено, уровень премиум.",люкс
"Подыскиваю маршрут, который подойдёт под люксовый отдых.",люкс
"На майские, думаю, подойдёт тур, где всё будет как всё время в движении.",активный
"Планы на отпуск: главное, чтобы чувствовался всё время в движении.",активный
"Мечтаю о поездке, но чтобы она была реально много движухи.",активный
"Собираюсь в путешествие, но чтоб было прям в стиле активный.",активный
"Не люблю типичные туры, ищу что-то более много движухи.",активный
"Если вдруг окажется возможность поехать, хотелось бы всё время в движении.",активный
Ищу что-то необычное. Главное — чтобы ощущалось как всё время в движении.,активный
"Подыскиваю маршрут, который подойдёт под активный отдых.",активный
"Может, посоветуете что-то много движухи?",активный
"Давно мечтаю выбраться в отпуск, хочу что-то в духе «активный».",активный
"На майские, думаю, подойдёт тур, где всё будет как всё время в движении.",активный
"Планы на отпуск: главное, чтобы чувствовался всё время в движении.",активный
"Мечтаю о поездке, но чтобы она была реально много движухи.",активный
"Собираюсь в путешествие, но чтоб было прям в стиле активный.",активный
"Не люблю типичные туры, ищу что-то более много движухи.",активный
"Если вдруг окажется возможность поехать, хотелось бы всё время в движении.",активный
Ищу что-то необычное. Главное — чтобы ощущалось как всё время в движении.,активный
"Подыскиваю маршрут, который подойдёт под активный отдых.",активный
"Может, посоветуете что-то много движухи?",активный
"Давно мечтаю выбраться в отпуск, хочу что-то в духе «активный».",активный
"На майские, думаю, подойдёт тур, где всё будет как всё время в движении.",активный
"Планы на отпуск: главное, чтобы чувствовался всё время в движении.",активный
"Мечтаю о поездке, но чтобы она была реально много движухи.",активный
"Собираюсь в путешествие, но чтоб было прям в стиле активный.",активный
"Не люблю типичные туры, ищу что-то более много движухи.",активный
"Если вдруг окажется возможность поехать, хотелось бы всё время в движении.",активный
Ищу что-то необычное. Главное — чтобы ощущалось как всё время в движении.,активный
"Подыскиваю маршрут, который подойдёт под активный отдых.",активный
"Может, посоветуете что-то много движухи?",активный
"Давно мечтаю выбраться в отпуск, хочу что-то в духе «активный».",активный
"На майские, думаю, подойдёт тур, где всё будет как всё время в движении.",активный
"Планы на отпуск: главное, чтобы чувствовался всё время в движении.",активный
"Мечтаю о поездке, но чтобы она была реально много движухи.",активный
"Собираюсь в путешествие, но чтоб было прям в стиле активный.",активный
"Не люблю типичные туры, ищу что-то более много движухи.",активный
"Если вдруг окажется возможность поехать, хотелось бы всё время в движении.",активный
Ищу что-то необычное. Главное — чтобы ощущалось как всё время в движении.,активный
"Подыскиваю маршрут, который подойдёт под активный отдых.",активный
"Может, посоветуете что-то много движухи?",активный
"Давно мечтаю выбраться в отпуск, хочу что-то в духе «активный».",активный
"На майские, думаю, подойдёт тур, где всё будет как всё время в движении.",активный
"Планы на отпуск: главное, чтобы чувствовался всё время в движении.",активный
"Мечтаю о поездке, но чтобы она была реально много движухи.",активный
"Собираюсь в путешествие, но чтоб было прям в стиле активный.",активный
"Не люблю типичные туры, ищу что-то более много движухи.",активный
"Если вдруг окажется возможность поехать, хотелось бы всё время в движении.",активный
Ищу что-то необычное. Главное — чтобы ощущалось как всё время в движении.,активный
"Подыскиваю маршрут, который подойдёт под активный отдых.",активный
"Может, посоветуете что-то много движухи?",активный
"Давно мечтаю выбраться в отпуск, хочу что-то в духе «активный».",активный
"На майские, думаю, подойдёт тур, где всё будет как всё время в движении.",активный
"Планы на отпуск: главное, чтобы чувствовался всё время в движении.",активный
"Мечтаю о поездке, но чтобы она была реально много движухи.",активный
"Собираюсь в путешествие, но чтоб было прям в стиле активный.",активный
"Не люблю типичные туры, ищу что-то более много движухи.",активный
"Если вдруг окажется возможность поехать, хотелось бы всё время в движении.",активный
Ищу что-то необычное. Главное — чтобы ощущалось как всё время в движении.,активный
"Подыскиваю маршрут, который подойдёт под активный отдых.",активный
"Может, посоветуете что-то много движухи?",активный
"Давно мечтаю выбраться в отпуск, хочу что-то в духе «активный».",активный
"На майские, думаю, подойдёт тур, где всё будет как всё время в движении.",активный
"Планы на отпуск: главное, чтобы чувствовался всё время в движении.",активный
"Мечтаю о поездке, но чтобы она была реально много движухи.",активный
"Собираюсь в путешествие, но чтоб было прям в стиле активный.",активный
"Не люблю типичные туры, ищу что-то более много движухи.",активный
"Если вдруг окажется возможность поехать, хотелось бы всё время в движении.",активный
Ищу что-то необычное. Главное — чтобы ощущалось как всё время в движении.,активный
"Подыскиваю маршрут, который подойдёт под активный отдых.",активный
"Может, посоветуете что-то много движухи?",активный
"Давно мечтаю выбраться в отпуск, хочу что-то в духе «активный».",активный
"На майские, думаю, подойдёт тур, где всё будет как всё время в движении.",активный
"Планы на отпуск: главное, чтобы чувствовался всё время в движении.",активный
"Мечтаю о поездке, но чтобы она была реально много движухи.",активный
"Собираюсь в путешествие, но чтоб было прям в стиле активный.",активный
"Не люблю типичные туры, ищу что-то более много движухи.",активный
"Если вдруг окажется возможность поехать, хотелось бы всё время в движении.",активный
Ищу что-то необычное. Главное — чтобы ощущалось как всё время в движении.,активный
"Подыскиваю маршрут, который подойдёт под активный отдых.",активный
"Может, посоветуете что-то много движухи?",активный
"Давно мечтаю выбраться в отпуск, хочу что-то в духе «активный».",активный
"На майские, думаю, подойдёт тур, где всё будет как всё время в движении.",активный
"Планы на отпуск: главное, чтобы чувствовался всё время в движении.",активный
"Мечтаю о поездке, но чтобы она была реально много движухи.",активный
"Собираюсь в путешествие, но чтоб было прям в стиле активный.",активный
"Не люблю типичные туры, ищу что-то более много движухи.",активный
"Если вдруг окажется возможность поехать, хотелось бы всё время в движении.",активный
Ищу что-то необычное. Главное — чтобы ощущалось как всё время в движении.,активный
"Подыскиваю маршрут, который подойдёт под активный отдых.",активный
"Может, посоветуете что-то много движухи?",активный
"Давно мечтаю выбраться в отпуск, хочу что-то в духе «активный».",активный
"На майские, думаю, подойдёт тур, где всё будет как всё время в движении.",активный
"Планы на отпуск: главное, чтобы чувствовался всё время в движении.",активный
"Мечтаю о поездке, но чтобы она была реально много движухи.",активный
"Собираюсь в путешествие, но чтоб было прям в стиле активный.",активный
"Не люблю типичные туры, ищу что-то более много движухи.",активный
"Если вдруг окажется возможность поехать, хотелось бы всё время в движении.",активный
Ищу что-то необычное. Главное — чтобы ощущалось как всё время в движении.,активный
"Подыскиваю маршрут, который подойдёт под активный отдых.",активный
"Может, посоветуете что-то много движухи?",активный
"Давно мечтаю выбраться в отпуск, хочу что-то в духе «активный».",активный
Ищу что-то необычное. Главное — чтобы ощущалось как максимум удобства.,комфортный
"Если вдруг окажется возможность поехать, хотелось бы максимум удобства.",комфортный
"Давно мечтаю выбраться в отпуск, хочу что-то в духе «комфортный».",комфортный
"Собираюсь в путешествие, но чтоб было прям в стиле комфортный.",комфортный
"Не люблю типичные туры, ищу что-то более уютный и продуманный.",комфортный
"На майские, думаю, подойдёт тур, где всё будет как максимум удобства.",комфортный
"Планы на отпуск: главное, чтобы чувствовался максимум удобства.",комфортный
"Может, посоветуете что-то уютный и продуманный?",комфортный
"Мечтаю о поездке, но чтобы она была реально уютный и продуманный.",комфортный
"Подыскиваю маршрут, который подойдёт под комфортный отдых.",комфортный
Ищу что-то необычное. Главное — чтобы ощущалось как максимум удобства.,комфортный
"Если вдруг окажется возможность поехать, хотелось бы максимум удобства.",комфортный
"Давно мечтаю выбраться в отпуск, хочу что-то в духе «комфортный».",комфортный
"Собираюсь в путешествие, но чтоб было прям в стиле комфортный.",комфортный
"Не люблю типичные туры, ищу что-то более уютный и продуманный.",комфортный
"На майские, думаю, подойдёт тур, где всё будет как максимум удобства.",комфортный
"Планы на отпуск: главное, чтобы чувствовался максимум удобства.",комфортный
"Может, посоветуете что-то уютный и продуманный?",комфортный
"Мечтаю о поездке, но чтобы она была реально уютный и продуманный.",комфортный
"Подыскиваю маршрут, который подойдёт под комфортный отдых.",комфортный
Ищу что-то необычное. Главное — чтобы ощущалось как максимум удобства.,комфортный
"Если вдруг окажется возможность поехать, хотелось бы максимум удобства.",комфортный
"Давно мечтаю выбраться в отпуск, хочу что-то в духе «комфортный».",комфортный
"Собираюсь в путешествие, но чтоб было прям в стиле комфортный.",комфортный
"Не люблю типичные туры, ищу что-то более уютный и продуманный.",комфортный
"На майские, думаю, подойдёт тур, где всё будет как максимум удобства.",комфортный
"Планы на отпуск: главное, чтобы чувствовался максимум удобства.",комфортный
"Может, посоветуете что-то уютный и продуманный?",комфортный
"Мечтаю о поездке, но чтобы она была реально уютный и продуманный.",комфортный
"Подыскиваю маршрут, который подойдёт под комфортный отдых.",комфортный
Ищу что-то необычное. Главное — чтобы ощущалось как максимум удобства.,комфортный
"Если вдруг окажется возможность поехать, хотелось бы максимум удобства.",комфортный
"Давно мечтаю выбраться в отпуск, хочу что-то в духе «комфортный».",комфортный
"Собираюсь в путешествие, но чтоб было прям в стиле комфортный.",комфортный
"Не люблю типичные туры, ищу что-то более уютный и продуманный.",комфортный
"На майские, думаю, подойдёт тур, где всё будет как максимум удобства.",комфортный
"Планы на отпуск: главное, чтобы чувствовался максимум удобства.",комфортный
"Может, посоветуете что-то уютный и продуманный?",комфортный
"Мечтаю о поездке, но чтобы она была реально уютный и продуманный.",комфортный
"Подыскиваю маршрут, который подойдёт под комфортный отдых.",комфортный
Ищу что-то необычное. Главное — чтобы ощущалось как максимум удобства.,комфортный
"Если вдруг окажется возможность поехать, хотелось бы максимум удобства.",комфортный
"Давно мечтаю выбраться в отпуск, хочу что-то в духе «комфортный».",комфортный
"Собираюсь в путешествие, но чтоб было прям в стиле комфортный.",комфортный
"Не люблю типичные туры, ищу что-то более уютный и продуманный.",комфортный
"На майские, думаю, подойдёт тур, где всё будет как максимум удобства.",комфортный
"Планы на отпуск: главное, чтобы чувствовался максимум удобства.",комфортный
"Может, посоветуете что-то уютный и продуманный?",комфортный
"Мечтаю о поездке, но чтобы она была реально уютный и продуманный.",комфортный
"Подыскиваю маршрут, который подойдёт под комфортный отдых.",комфортный
Ищу что-то необычное. Главное — чтобы ощущалось как максимум удобства.,комфортный
"Если вдруг окажется возможность поехать, хотелось бы максимум удобства.",комфортный
"Давно мечтаю выбраться в отпуск, хочу что-то в духе «комфортный».",комфортный
"Собираюсь в путешествие, но чтоб было прям в стиле комфортный.",комфортный
"Не люблю типичные туры, ищу что-то более уютный и продуманный.",комфортный
"На майские, думаю, подойдёт тур, где всё будет как максимум удобства.",комфортный
"Планы на отпуск: главное, чтобы чувствовался максимум удобства.",комфортный
"Может, посоветуете что-то уютный и продуманный?",комфортный
"Мечтаю о поездке, но чтобы она была реально уютный и продуманный.",комфортный
"Подыскиваю маршрут, который подойдёт под комфортный отдых.",комфортный
Ищу что-то необычное. Главное — чтобы ощущалось как максимум удобства.,комфортный
"Если вдруг окажется возможность поехать, хотелось бы максимум удобства.",комфортный
"Давно мечтаю выбраться в отпуск, хочу что-то в духе «комфортный».",комфортный
"Собираюсь в путешествие, но чтоб было прям в стиле комфортный.",комфортный
"Не люблю типичные туры, ищу что-то более уютный и продуманный.",комфортный
"На майские, думаю, подойдёт тур, где всё будет как максимум удобства.",комфортный
"Планы на отпуск: главное, чтобы чувствовался максимум удобства.",комфортный
"Может, посоветуете что-то уютный и продуманный?",комфортный
"Мечтаю о поездке, но чтобы она была реально уютный и продуманный.",комфортный
"Подыскиваю маршрут, который подойдёт под комфортный отдых.",комфортный
Ищу что-то необычное. Главное — чтобы ощущалось как максимум удобства.,комфортный
"Если вдруг окажется возможность поехать, хотелось бы максимум удобства.",комфортный
"Давно мечтаю выбраться в отпуск, хочу что-то в духе «комфортный».",комфортный
"Собираюсь в путешествие, но чтоб было прям в стиле комфортный.",комфортный
"Не люблю типичные туры, ищу что-то более уютный и продуманный.",комфортный
"На майские, думаю, подойдёт тур, где всё будет как максимум удобства.",комфортный
"Планы на отпуск: главное, чтобы чувствовался максимум удобства.",комфортный
"Может, посоветуете что-то уютный и продуманный?",комфортный
"Мечтаю о поездке, но чтобы она была реально уютный и продуманный.",комфортный
"Подыскиваю маршрут, который подойдёт под комфортный отдых.",комфортный
Ищу что-то необычное. Главное — чтобы ощущалось как максимум удобства.,комфортный
"Если вдруг окажется возможность поехать, хотелось бы максимум удобства.",комфортный
"Давно мечтаю выбраться в отпуск, хочу что-то в духе «комфортный».",комфортный
"Собираюсь в путешествие, но чтоб было прям в стиле комфортный.",комфортный
"Не люблю типичные туры, ищу что-то более уютный и продуманный.",комфортный
"На майские, думаю, подойдёт тур, где всё будет как максимум удобства.",комфортный
"Планы на отпуск: главное, чтобы чувствовался максимум удобства.",комфортный
"Может, посоветуете что-то уютный и продуманный?",комфортный
"Мечтаю о поездке, но чтобы она была реально уютный и продуманный.",комфортный
"Подыскиваю маршрут, который подойдёт под комфортный отдых.",комфортный
Ищу что-то необычное. Главное — чтобы ощущалось как максимум удобства.,комфортный
"Если вдруг окажется возможность поехать, хотелось бы максимум удобства.",комфортный
"Давно мечтаю выбраться в отпуск, хочу что-то в духе «комфортный».",комфортный
"Собираюсь в путешествие, но чтоб было прям в стиле комфортный.",комфортный
"Не люблю типичные туры, ищу что-то более уютный и продуманный.",комфортный
"На майские, думаю, подойдёт тур, где всё будет как максимум удобства.",комфортный
"Планы на отпуск: главное, чтобы чувствовался максимум удобства.",комфортный
"Может, посоветуете что-то уютный и продуманный?",комфортный
"Мечтаю о поездке, но чтобы она была реально уютный и продуманный.",комфортный
"Подыскиваю маршрут, который подойдёт под комфортный отдых.",комфортный
